auc,binary_accuracy,loss
0.8231939673423767,0.7155963182449341,0.8640831112861633
0.9258415699005127,0.8012232780456543,0.47879135608673096
0.970718502998352,0.8547400236129761,0.3001444637775421
