auc,binary_accuracy,loss
0.8569024801254272,0.5122550129890442,2.167524814605713
0.9055414795875549,0.5367646813392639,1.821886420249939
0.944954514503479,0.5490195751190186,1.5840177536010742
