auc,binary_accuracy,loss
0.7650080919265747,0.7346939444541931,0.7198142409324646
0.8823649287223816,0.8231292963027954,0.40104398131370544
0.9645986557006836,0.9156463146209717,0.2083815038204193
