auc,binary_accuracy,loss
1.0,1.0,0.2862047851085663
1.0,1.0,0.24718672037124634
0.9999999403953552,1.0,0.22382578253746033
