auc,binary_accuracy,loss
0.8422352075576782,0.7644444704055786,0.6541629433631897
0.9149137735366821,0.8444445133209229,0.40926092863082886
0.9573400020599365,0.8903704285621643,0.25463181734085083
