auc,binary_accuracy,loss
0.7924403548240662,0.8399592041969299,0.6201266050338745
0.8623167276382446,0.8960244655609131,0.3306562900543213
0.9377787709236145,0.948012113571167,0.17887966334819794
