auc,binary_accuracy,loss
0.9999999403953552,1.0,0.1983998864889145
1.0,1.0,0.16898703575134277
1.0,1.0,0.14743292331695557
