auc,binary_accuracy,loss
0.9575960636138916,0.885480523109436,0.2721366286277771
0.9965552687644958,0.9815950989723206,0.11244751513004303
0.9959163665771484,0.9836401343345642,0.09406840801239014
