auc,binary_accuracy,loss
0.872702419757843,0.6758410334587097,1.28638756275177
0.9245762228965759,0.6865443587303162,1.007844090461731
0.9398398399353027,0.7003058791160583,0.8153561353683472
