auc,binary_accuracy,loss
0.8193373084068298,0.7905199527740479,0.7580043077468872
0.9246183633804321,0.8425076603889465,0.4621792137622833
0.9913228750228882,0.9006116390228271,0.2204105705022812
