auc,binary_accuracy,loss
0.8508666753768921,0.7737003564834595,0.7462983131408691
0.925835132598877,0.8389399647712708,0.44228240847587585
0.9734510183334351,0.9102956652641296,0.24916242063045502
