auc,binary_accuracy,loss
0.794569194316864,0.6829932332038879,0.7069479823112488
0.9074068069458008,0.8068027496337891,0.3752748668193817
0.9807829260826111,0.9074829816818237,0.19369322061538696
