auc,binary_accuracy,loss
0.8693030476570129,0.8333333730697632,0.5299984216690063
0.9286855459213257,0.8746177554130554,0.3161619007587433
0.9847221374511719,0.9418960809707642,0.13790975511074066
