auc,binary_accuracy,loss
0.90625,0.7777778506278992,1.177819848060608
0.893750011920929,0.7777778506278992,1.171306848526001
0.8999999761581421,0.7777778506278992,1.1063553094863892
