auc,binary_accuracy,loss
0.8958202004432678,0.8302808403968811,0.5766807198524475
0.9602230191230774,0.8864468932151794,0.2858845591545105
0.9896873235702515,0.9536018967628479,0.1296454668045044
