auc,binary_accuracy,loss
0.785714328289032,0.7777778506278992,0.8594215512275696
0.6071428656578064,0.6666666865348816,1.071509838104248
0.5714285373687744,0.7777778506278992,1.020010232925415
