auc,binary_accuracy,loss
0.5714285373687744,0.7777778506278992,1.0087286233901978
0.7857142686843872,0.7777778506278992,0.7676447033882141
0.75,0.7777778506278992,0.7685229778289795
