auc,binary_accuracy,loss
0.025316447019577026,0.9753085970878601,0.4558081328868866
0.03797467052936554,0.9753086566925049,0.34838882088661194
0.025316447019577026,0.9753085970878601,0.3482174575328827
