auc,binary_accuracy,loss
0.8705306649208069,0.7836735844612122,0.5304648280143738
0.9587359428405762,0.8911564946174622,0.24498945474624634
0.9847158193588257,0.9510204792022705,0.12991896271705627
